<linker>
  <assembly fullname="Assembly-CSharp, Version=0.0.0.0, Culture=neutral, PublicKeyToken=null">
    <type fullname="MapPattern" preserve="all" />
    <type fullname="ObjDynamicOnCollision" preserve="all" />
    <type fullname="PlayBtn" preserve="all" />
    <type fullname="SlotScore" preserve="all" />
    <type fullname="UIResult" preserve="all" />
    <type fullname="UIScore" preserve="all" />
    <type fullname="UIStart" preserve="all" />
  </assembly>
  <assembly fullname="Unity.Addressables, Version=0.0.0.0, Culture=neutral, PublicKeyToken=null" preserve="all">
    <type fullname="UnityEngine.AddressableAssets.Addressables" preserve="all" />
  </assembly>
  <assembly fullname="Unity.ResourceManager, Version=0.0.0.0, Culture=neutral, PublicKeyToken=null" preserve="all">
    <type fullname="UnityEngine.ResourceManagement.ResourceProviders.AssetBundleProvider" preserve="all" />
    <type fullname="UnityEngine.ResourceManagement.ResourceProviders.BundledAssetProvider" preserve="all" />
    <type fullname="UnityEngine.ResourceManagement.ResourceProviders.InstanceProvider" preserve="all" />
    <type fullname="UnityEngine.ResourceManagement.ResourceProviders.SceneProvider" preserve="all" />
  </assembly>
  <assembly fullname="Unity.TextMeshPro, Version=0.0.0.0, Culture=neutral, PublicKeyToken=null">
    <type fullname="TMPro.TextMeshProUGUI" preserve="all" />
    <type fullname="TMPro.TMP_FontAsset" preserve="all" />
    <type fullname="TMPro.FaceInfo_Legacy" preserve="nothing" serialized="true" />
    <type fullname="TMPro.FontAssetCreationSettings" preserve="nothing" serialized="true" />
    <type fullname="TMPro.KerningTable" preserve="nothing" serialized="true" />
    <type fullname="TMPro.TMP_Character" preserve="nothing" serialized="true" />
    <type fullname="TMPro.TMP_FontFeatureTable" preserve="nothing" serialized="true" />
    <type fullname="TMPro.TMP_FontWeightPair" preserve="nothing" serialized="true" />
    <type fullname="TMPro.VertexGradient" preserve="nothing" serialized="true" />
  </assembly>
  <assembly fullname="UnityEngine.AnimationModule, Version=0.0.0.0, Culture=neutral, PublicKeyToken=null">
    <type fullname="UnityEngine.AnimationClip" preserve="all" />
    <type fullname="UnityEngine.RuntimeAnimatorController" preserve="all" />
  </assembly>
  <assembly fullname="UnityEngine.AudioModule, Version=0.0.0.0, Culture=neutral, PublicKeyToken=null">
    <type fullname="UnityEngine.AudioClip" preserve="all" />
  </assembly>
  <assembly fullname="UnityEngine.CoreModule, Version=0.0.0.0, Culture=neutral, PublicKeyToken=null">
    <type fullname="UnityEngine.GameObject" preserve="all" />
    <type fullname="UnityEngine.Material" preserve="all" />
    <type fullname="UnityEngine.Object" preserve="all" />
    <type fullname="UnityEngine.RectTransform" preserve="all" />
    <type fullname="UnityEngine.Shader" preserve="all" />
    <type fullname="UnityEngine.Sprite" preserve="all" />
    <type fullname="UnityEngine.SpriteRenderer" preserve="all" />
    <type fullname="UnityEngine.TextAsset" preserve="all" />
    <type fullname="UnityEngine.Texture2D" preserve="all" />
    <type fullname="UnityEngine.Transform" preserve="all" />
    <type fullname="UnityEngine.Events.PersistentCallGroup" preserve="nothing" serialized="true" />
    <type fullname="UnityEngine.Events.ArgumentCache" preserve="nothing" serialized="true" />
    <type fullname="UnityEngine.Events.PersistentListenerMode" preserve="nothing" serialized="true" />
    <type fullname="UnityEngine.RectOffset" preserve="nothing" serialized="true" />
  </assembly>
  <assembly fullname="UnityEngine.Physics2DModule, Version=0.0.0.0, Culture=neutral, PublicKeyToken=null">
    <type fullname="UnityEngine.PolygonCollider2D" preserve="all" />
    <type fullname="UnityEngine.Rigidbody2D" preserve="all" />
  </assembly>
  <assembly fullname="UnityEngine.TextRenderingModule, Version=0.0.0.0, Culture=neutral, PublicKeyToken=null">
    <type fullname="UnityEngine.Font" preserve="all" />
  </assembly>
  <assembly fullname="UnityEngine.UI, Version=1.0.0.0, Culture=neutral, PublicKeyToken=null">
    <type fullname="UnityEngine.UI.Button" preserve="all" />
    <type fullname="UnityEngine.UI.ContentSizeFitter" preserve="all" />
    <type fullname="UnityEngine.UI.GridLayoutGroup" preserve="all" />
    <type fullname="UnityEngine.UI.Image" preserve="all" />
    <type fullname="UnityEngine.UI.Mask" preserve="all" />
    <type fullname="UnityEngine.UI.Scrollbar" preserve="all" />
    <type fullname="UnityEngine.UI.ScrollRect" preserve="all" />
    <type fullname="UnityEngine.UI.Slider" preserve="all" />
    <type fullname="UnityEngine.UI.Text" preserve="all" />
    <type fullname="UnityEngine.UI.Toggle" preserve="all" />
    <type fullname="UnityEngine.UI.VerticalLayoutGroup" preserve="all" />
    <type fullname="UnityEngine.UI.MaskableGraphic/CullStateChangedEvent" preserve="nothing" serialized="true" />
    <type fullname="UnityEngine.UI.AnimationTriggers" preserve="nothing" serialized="true" />
    <type fullname="UnityEngine.UI.Button/ButtonClickedEvent" preserve="nothing" serialized="true" />
    <type fullname="UnityEngine.UI.ColorBlock" preserve="nothing" serialized="true" />
    <type fullname="UnityEngine.UI.Navigation" preserve="nothing" serialized="true" />
    <type fullname="UnityEngine.UI.ScrollRect/ScrollRectEvent" preserve="nothing" serialized="true" />
    <type fullname="UnityEngine.UI.SpriteState" preserve="nothing" serialized="true" />
    <type fullname="UnityEngine.UI.FontData" preserve="nothing" serialized="true" />
    <type fullname="UnityEngine.UI.Scrollbar/ScrollEvent" preserve="nothing" serialized="true" />
    <type fullname="UnityEngine.UI.Slider/SliderEvent" preserve="nothing" serialized="true" />
    <type fullname="UnityEngine.UI.Toggle/ToggleEvent" preserve="nothing" serialized="true" />
  </assembly>
  <assembly fullname="UnityEngine.UIModule, Version=0.0.0.0, Culture=neutral, PublicKeyToken=null">
    <type fullname="UnityEngine.CanvasRenderer" preserve="all" />
  </assembly>
  <assembly fullname="UnityEngine.TextCoreFontEngineModule">
    <type fullname="UnityEngine.TextCore.FaceInfo" preserve="nothing" serialized="true" />
    <type fullname="UnityEngine.TextCore.Glyph" preserve="nothing" serialized="true" />
    <type fullname="UnityEngine.TextCore.GlyphMetrics" preserve="nothing" serialized="true" />
    <type fullname="UnityEngine.TextCore.GlyphRect" preserve="nothing" serialized="true" />
    <type fullname="UnityEngine.TextCore.LowLevel.GlyphAdjustmentRecord" preserve="nothing" serialized="true" />
    <type fullname="UnityEngine.TextCore.LowLevel.GlyphPairAdjustmentRecord" preserve="nothing" serialized="true" />
    <type fullname="UnityEngine.TextCore.LowLevel.GlyphValueRecord" preserve="nothing" serialized="true" />
  </assembly>
</linker>